id,file,Smell,Details,Smell_num
9,D:\temp\ws-vscode\Qualidade\appsmith\app\client\packages\design-system\ads\src\Input\Input.styles.tsx,Missing Union Type Abstraction,Lines 22-22,2
10,D:\temp\ws-vscode\Qualidade\appsmith\app\client\packages\design-system\ads\src\Input\Input.styles.tsx,Missing Union Type Abstraction,Lines 44-44,2
11,D:\temp\ws-vscode\Qualidade\appsmith\app\client\packages\design-system\ads\src\Input\Input.styles.tsx,Missing Union Type Abstraction,Lines 150-150,2
101,D:\temp\ws-vscode\Qualidade\appsmith\app\client\packages\design-system\widgets-old\src\ScrollIndicator\index.tsx,Missing Union Type Abstraction,Lines 7-7,2
102,D:\temp\ws-vscode\Qualidade\appsmith\app\client\packages\design-system\widgets-old\src\ScrollIndicator\index.tsx,Missing Union Type Abstraction,Lines 26-26,2
103,D:\temp\ws-vscode\Qualidade\appsmith\app\client\packages\design-system\widgets-old\src\ScrollIndicator\index.tsx,Missing Union Type Abstraction,Lines 53-53,2
212,D:\temp\ws-vscode\Qualidade\appsmith\app\client\src\ce\sagas\PageSagas.tsx,Missing Union Type Abstraction,Lines undefined-undefined,2
213,D:\temp\ws-vscode\Qualidade\appsmith\app\client\src\ce\sagas\PageSagas.tsx,Missing Union Type Abstraction,Lines undefined-undefined,2
214,D:\temp\ws-vscode\Qualidade\appsmith\app\client\src\ce\sagas\PageSagas.tsx,Missing Union Type Abstraction,Lines undefined-undefined,2
215,D:\temp\ws-vscode\Qualidade\appsmith\app\client\src\ce\sagas\PageSagas.tsx,Missing Union Type Abstraction,Lines undefined-undefined,2
216,D:\temp\ws-vscode\Qualidade\appsmith\app\client\src\ce\sagas\PageSagas.tsx,Missing Union Type Abstraction,Lines undefined-undefined,2
217,D:\temp\ws-vscode\Qualidade\appsmith\app\client\src\ce\sagas\PageSagas.tsx,Missing Union Type Abstraction,Lines undefined-undefined,2
224,D:\temp\ws-vscode\Qualidade\appsmith\app\client\src\ce\sagas\userSagas.tsx,Missing Union Type Abstraction,Lines undefined-undefined,2
225,D:\temp\ws-vscode\Qualidade\appsmith\app\client\src\ce\sagas\userSagas.tsx,Missing Union Type Abstraction,Lines undefined-undefined,2
226,D:\temp\ws-vscode\Qualidade\appsmith\app\client\src\ce\sagas\userSagas.tsx,Missing Union Type Abstraction,Lines undefined-undefined,2
227,D:\temp\ws-vscode\Qualidade\appsmith\app\client\src\ce\sagas\userSagas.tsx,Missing Union Type Abstraction,Lines undefined-undefined,2
228,D:\temp\ws-vscode\Qualidade\appsmith\app\client\src\ce\sagas\userSagas.tsx,Missing Union Type Abstraction,Lines undefined-undefined,2
632,D:\temp\ws-vscode\Qualidade\appsmith\app\client\src\git\components\BranchList\BranchMoreMenu.tsx,Missing Union Type Abstraction,Lines undefined-undefined,2
633,D:\temp\ws-vscode\Qualidade\appsmith\app\client\src\git\components\BranchList\BranchMoreMenu.tsx,Missing Union Type Abstraction,Lines undefined-undefined,2
634,D:\temp\ws-vscode\Qualidade\appsmith\app\client\src\git\components\BranchList\BranchMoreMenu.tsx,Missing Union Type Abstraction,Lines undefined-undefined,2
635,D:\temp\ws-vscode\Qualidade\appsmith\app\client\src\git\components\BranchList\BranchMoreMenu.tsx,Missing Union Type Abstraction,Lines undefined-undefined,2
636,D:\temp\ws-vscode\Qualidade\appsmith\app\client\src\git\components\BranchList\BranchMoreMenu.tsx,Missing Union Type Abstraction,Lines undefined-undefined,2
637,D:\temp\ws-vscode\Qualidade\appsmith\app\client\src\git\components\BranchList\BranchMoreMenu.tsx,Missing Union Type Abstraction,Lines undefined-undefined,2
668,D:\temp\ws-vscode\Qualidade\appsmith\app\client\src\layoutSystems\common\utils\commonUtils.test.tsx,Missing Union Type Abstraction,Lines undefined-undefined,2
669,D:\temp\ws-vscode\Qualidade\appsmith\app\client\src\layoutSystems\common\utils\commonUtils.test.tsx,Missing Union Type Abstraction,Lines undefined-undefined,2
670,D:\temp\ws-vscode\Qualidade\appsmith\app\client\src\layoutSystems\common\utils\commonUtils.test.tsx,Missing Union Type Abstraction,Lines undefined-undefined,2
671,D:\temp\ws-vscode\Qualidade\appsmith\app\client\src\layoutSystems\common\utils\commonUtils.test.tsx,Missing Union Type Abstraction,Lines undefined-undefined,2
672,D:\temp\ws-vscode\Qualidade\appsmith\app\client\src\layoutSystems\common\utils\commonUtils.test.tsx,Missing Union Type Abstraction,Lines undefined-undefined,2
673,D:\temp\ws-vscode\Qualidade\appsmith\app\client\src\layoutSystems\common\utils\commonUtils.test.tsx,Missing Union Type Abstraction,Lines undefined-undefined,2
674,D:\temp\ws-vscode\Qualidade\appsmith\app\client\src\layoutSystems\common\utils\commonUtils.test.tsx,Missing Union Type Abstraction,Lines undefined-undefined,2
675,D:\temp\ws-vscode\Qualidade\appsmith\app\client\src\layoutSystems\common\utils\commonUtils.test.tsx,Missing Union Type Abstraction,Lines undefined-undefined,2
1249,D:\temp\ws-vscode\Qualidade\appsmith\app\client\src\selectors\editorSelectors.tsx,Missing Union Type Abstraction,Lines undefined-undefined,2
1250,D:\temp\ws-vscode\Qualidade\appsmith\app\client\src\selectors\editorSelectors.tsx,Missing Union Type Abstraction,Lines undefined-undefined,2
1251,D:\temp\ws-vscode\Qualidade\appsmith\app\client\src\selectors\editorSelectors.tsx,Missing Union Type Abstraction,Lines undefined-undefined,2
1252,D:\temp\ws-vscode\Qualidade\appsmith\app\client\src\selectors\editorSelectors.tsx,Missing Union Type Abstraction,Lines undefined-undefined,2
1253,D:\temp\ws-vscode\Qualidade\appsmith\app\client\src\selectors\editorSelectors.tsx,Missing Union Type Abstraction,Lines undefined-undefined,2
1254,D:\temp\ws-vscode\Qualidade\appsmith\app\client\src\selectors\editorSelectors.tsx,Missing Union Type Abstraction,Lines undefined-undefined,2
1255,D:\temp\ws-vscode\Qualidade\appsmith\app\client\src\selectors\editorSelectors.tsx,Missing Union Type Abstraction,Lines undefined-undefined,2
1264,D:\temp\ws-vscode\Qualidade\appsmith\app\client\src\selectors\propertyPaneSelectors.tsx,Missing Union Type Abstraction,Lines undefined-undefined,2
1265,D:\temp\ws-vscode\Qualidade\appsmith\app\client\src\selectors\propertyPaneSelectors.tsx,Missing Union Type Abstraction,Lines undefined-undefined,2
1266,D:\temp\ws-vscode\Qualidade\appsmith\app\client\src\selectors\propertyPaneSelectors.tsx,Missing Union Type Abstraction,Lines undefined-undefined,2
1267,D:\temp\ws-vscode\Qualidade\appsmith\app\client\src\selectors\propertyPaneSelectors.tsx,Missing Union Type Abstraction,Lines undefined-undefined,2
1268,D:\temp\ws-vscode\Qualidade\appsmith\app\client\src\selectors\propertyPaneSelectors.tsx,Missing Union Type Abstraction,Lines undefined-undefined,2
1269,D:\temp\ws-vscode\Qualidade\appsmith\app\client\src\selectors\propertyPaneSelectors.tsx,Missing Union Type Abstraction,Lines undefined-undefined,2
